cromosoma	init	finish	cod 
cromosoma1	26	39	no_coding
cromosoma1	32	47	coding
cromosoma3	11	28	coding
cromosoma1	40	49	coding
cromosoma3	16	27	coding
cromosoma1	9	28	coding
cromosoma2	35	54	no_coding
cromosoma1	10	19	coding
cromosoma1	8	12	coding
cromosoma1	32	47	coding
cromosoma3	1	28	coding
cromosoma1	4	49	coding
cromosoma3	6	27	no_coding
cromosoma1	9	28	coding
cromosoma2	35	54	coding
cromosoma1	10	19	no_coding
cromosoma1	26	39	no_coding
cromosoma4	32	47	no_coding
cromosoma3	11	28	coding
cromosoma1	40	49	coding
cromosoma3	16	27	coding
cromosoma4	9	28	coding
cromosoma2	35	54	no_coding
cromosoma1	10	19	coding
cromosoma1	26	39	coding
cromosoma4	32	47	coding
cromosoma3	11	28	coding
cromosoma1	40	49	no_coding
cromosoma3	16	27	no_coding
cromosoma1	9	28	coding
cromosoma2	35	54	coding
cromosoma1	10	19	coding
cromosoma5	26	39	coding
cromosoma1	32	47	coding
cromosoma3	11	28	coding
cromosoma5	40	49	coding
cromosoma3	16	27	coding
cromosoma1	9	28	coding
cromosoma5	35	54	coding
cromosoma1	10	19	no_coding
cromosoma1	26	39	coding
cromosoma6	32	47	coding
cromosoma3	11	28	coding
cromosoma1	40	49	no_coding
cromosoma6	16	27	coding
cromosoma1	9	28	coding
cromosoma7	35	54	coding
cromosoma1	10	19	coding
